user_id,post_id,interaction_type
92,290,like
31,440,save
9,156,like
51,421,like
29,7,like
78,196,like
40,421,like
41,56,save
86,321,like
11,193,save
23,47,like
1,148,save
46,275,like
21,157,like
90,202,like
36,444,share
54,402,like
87,476,like
57,419,like
1,427,save
63,495,like
54,479,save
55,475,like
40,126,like
15,395,like
21,305,share
47,369,like
73,294,share
53,64,like
9,325,like
74,392,like
52,418,like
57,176,save
26,116,share
41,440,save
35,204,save
63,486,like
25,321,like
90,31,share
75,388,like
38,113,save
2,365,save
7,434,like
82,325,share
91,414,like
34,376,like
91,344,like
17,443,like
43,67,like
59,75,like
51,45,save
54,260,share
24,154,like
25,155,like
71,430,share
52,363,like
70,448,like
88,475,like
33,234,like
49,51,like
29,306,share
63,262,like
22,315,like
26,125,like
28,399,like
85,245,like
49,30,save
71,426,save
81,485,like
84,122,share
49,125,save
20,37,save
86,170,like
92,124,like
63,357,like
61,35,like
49,87,like
71,134,like
1,196,save
96,274,save
13,201,share
94,369,like
87,285,like
51,77,like
56,59,like
83,431,like
62,126,like
32,500,like
30,401,save
29,109,like
49,224,save
45,496,like
93,278,like
30,68,like
16,69,like
40,165,like
19,489,like
18,305,like
1,397,like
78,162,like
47,365,share
66,342,like
92,309,save
94,379,like
38,343,share
51,435,save
63,387,like
4,42,like
1,354,save
8,416,like
29,109,like
55,51,like
3,250,save
32,497,save
10,341,like
74,430,like
83,383,like
34,492,like
97,21,share
87,300,like
55,139,like
92,359,like
32,324,save
50,499,like
7,385,like
93,92,like
8,447,like
65,280,like
57,125,like
67,483,like
88,397,share
87,111,save
59,354,share
72,139,like
54,484,share
67,435,like
51,273,like
97,99,like
92,252,like
8,338,like
34,104,like
35,214,like
96,249,like
88,152,like
78,250,like
32,275,like
46,165,save
16,487,save
68,341,like
37,8,like
54,284,like
85,5,save
14,145,like
95,101,like
55,164,like
48,374,like
82,147,like
7,64,save
74,91,like
7,117,like
33,354,save
23,267,save
85,310,like
19,173,like
19,47,like
36,140,share
29,246,like
60,149,share
82,246,like
2,395,like
1,487,like
47,476,like
69,5,like
20,465,like
11,184,like
2,20,share
67,425,like
87,46,save
12,12,like
20,70,like
5,17,like
37,371,like
38,147,share
94,154,like
9,304,like
98,108,like
53,236,like
44,308,like
99,352,save
86,70,save
24,183,like
81,250,like
74,228,like
30,102,like
59,75,like
87,417,like
96,446,like
81,216,like
81,407,like
14,399,like
9,411,like
40,203,like
66,192,save
25,249,like
73,499,like
22,242,like
4,465,save
26,179,like
58,437,like
29,462,like
98,219,save
87,82,share
37,92,like
75,435,save
70,175,share
18,239,share
85,260,like
42,391,like
100,365,like
41,163,save
38,48,like
34,329,like
17,328,like
37,116,save
25,429,save
76,337,like
87,337,save
86,369,like
85,225,save
27,352,like
57,328,like
31,147,share
6,63,like
91,294,save
40,323,like
98,443,like
12,325,like
53,13,like
71,431,like
10,494,like
45,189,like
17,287,like
26,208,share
85,114,share
92,480,like
62,22,save
46,349,like
64,214,like
2,171,save
54,323,share
65,54,like
51,394,save
53,298,like
36,320,share
26,126,like
29,277,like
21,464,like
11,204,like
40,194,like
11,169,share
36,152,like
59,35,like
39,184,like
99,286,like
54,57,like
98,222,like
55,303,like
24,163,like
22,19,like
69,370,save
56,264,save
33,282,like
36,113,like
20,488,like
83,327,like
99,30,like
81,135,like
62,67,like
98,65,like
73,292,like
26,25,save
66,37,share
73,1,like
73,399,like
40,37,save
17,141,share
1,232,like
89,136,like
61,389,like
43,188,like
42,128,like
25,201,like
39,127,like
35,257,like
3,164,save
44,35,like
51,194,like
94,191,like
98,104,like
12,23,share
19,265,like
44,290,like
59,430,save
49,462,like
61,384,share
17,260,like
74,414,like
57,479,like
55,358,like
47,75,save
12,355,save
62,72,like
80,259,like
88,398,save
83,188,share
8,461,like
95,173,like
21,480,like
81,290,save
87,45,like
80,61,like
70,83,save
72,123,like
25,358,like
82,16,like
89,66,like
12,424,like
15,145,like
59,375,like
26,162,like
26,234,save
47,380,save
32,144,like
10,358,like
16,188,like
71,322,like
17,450,like
23,474,like
26,13,like
85,184,like
86,111,like
7,415,like
14,290,like
79,295,like
7,451,like
9,392,save
48,215,save
72,462,like
59,120,like
87,382,like
93,55,like
82,27,like
95,118,save
94,221,like
39,231,save
99,53,like
18,295,like
59,321,save
17,401,like
14,233,like
31,158,like
24,437,like
99,269,share
60,21,like
45,403,share
98,53,share
3,275,save
37,313,like
43,281,like
40,214,save
90,31,like
55,337,like
87,183,like
39,23,like
15,32,like
4,446,like
93,74,like
86,10,save
25,484,like
13,456,share
82,54,like
33,52,save
16,148,like
42,160,save
66,370,like
55,14,save
99,178,like
42,412,save
34,366,share
30,500,like
13,53,like
13,408,save
18,335,like
32,22,save
96,30,like
99,191,like
39,260,share
46,205,like
29,59,save
62,471,like
93,264,like
62,466,like
57,12,like
16,119,like
56,415,like
10,462,like
30,290,like
25,338,save
84,248,like
5,354,like
65,127,like
94,75,like
49,361,save
3,204,like
45,49,like
14,79,like
30,441,like
68,479,save
18,241,like
62,349,save
37,154,like
25,274,like
48,96,share
65,214,like
53,294,like
79,209,like
73,343,like
15,88,like
49,306,like
88,264,like
68,425,like
12,390,like
59,325,like
37,428,like
61,377,like
43,320,share
70,157,like
39,156,save
56,139,like
63,121,like
46,65,like
88,107,like
11,147,like
62,137,like
77,411,like
98,162,share
25,428,like
71,452,like
52,100,save
4,338,like
59,399,like
72,307,like
20,141,share
93,83,save
63,177,like
54,198,like
74,112,share
98,56,like
57,460,like
90,179,like
41,421,like
3,401,like
6,186,like
5,471,like
5,218,like
54,413,save
47,417,like
87,316,like
49,475,like
9,217,like
99,120,like
20,439,like
61,394,save
35,175,share
50,23,like
82,213,like
62,405,like
17,235,save
88,13,save
3,101,like
32,417,like
99,24,save
13,364,like
89,11,like
73,273,like
68,452,like
14,431,save
98,281,share
11,94,like
56,201,like
67,21,like
92,340,like
29,467,like
9,211,like
67,140,like
25,293,like
98,298,like
76,401,like
42,101,like
9,304,like
79,359,share
40,28,like
25,41,like
5,355,save
11,303,share
59,496,like
98,146,save
88,256,like
79,462,like
38,227,like
72,236,like
5,361,like
48,380,like
90,455,like
18,489,like
70,13,like
37,210,like
60,229,like
48,397,save
77,100,save
28,31,save
69,386,like
77,16,save
81,137,like
40,329,like
45,166,like
96,459,like
62,310,like
93,440,like
58,470,save
67,481,like
56,100,like
40,109,share
98,343,like
40,173,like
91,237,like
77,162,like
33,393,like
6,216,like
88,264,like
19,263,like
80,292,like
40,274,like
92,3,like
97,28,save
59,326,like
59,492,like
48,428,like
41,149,like
13,28,like
45,488,like
89,310,save
53,438,save
42,65,like
100,356,save
63,21,like
27,252,like
38,235,like
60,227,like
7,13,save
5,313,like
45,49,like
58,118,share
31,54,like
23,138,like
42,53,like
10,44,save
32,303,save
53,53,like
30,74,like
39,46,like
31,13,save
82,165,like
100,102,like
2,280,share
78,258,like
77,470,like
93,337,like
12,356,share
39,398,like
66,138,like
96,163,like
13,409,like
46,387,like
27,111,like
17,102,share
95,17,like
98,268,like
60,182,like
64,372,like
88,24,save
35,29,like
70,171,like
83,409,like
30,228,like
71,378,like
74,188,like
96,346,save
98,230,share
63,321,like
28,340,share
60,119,like
79,156,like
94,272,like
37,175,like
93,465,like
22,104,like
68,92,like
20,186,like
96,460,like
100,283,save
68,181,like
91,170,like
64,187,like
17,175,like
12,222,save
22,233,like
17,162,like
10,421,save
65,134,like
22,391,like
90,480,like
82,224,share
50,153,like
14,33,like
64,55,like
47,442,like
29,7,like
76,244,like
36,313,like
99,126,share
52,12,save
76,16,like
7,208,save
29,43,like
11,373,like
33,484,like
6,461,save
79,135,save
32,228,like
51,111,share
75,307,like
58,457,save
87,160,share
26,331,like
98,264,save
46,225,like
98,471,like
29,217,like
4,456,like
81,45,share
99,214,like
13,59,like
39,132,save
15,104,share
29,195,like
29,413,share
75,489,like
32,157,save
2,98,like
47,226,like
78,412,like
84,205,like
22,79,like
75,124,like
27,471,like
67,428,share
81,218,like
56,4,like
92,90,like
93,104,like
21,393,save
47,119,save
80,133,like
59,312,like
84,96,save
6,468,like
19,434,save
57,331,like
69,143,save
3,288,like
1,28,like
58,278,share
38,233,like
15,17,like
34,59,like
61,90,like
35,492,like
64,199,like
25,362,like
24,441,like
12,26,save
18,25,like
15,394,like
80,301,like
27,339,like
72,267,like
60,461,like
46,181,like
89,456,like
17,360,like
93,68,like
53,495,like
8,351,like
79,412,like
27,459,like
46,491,save
50,321,like
71,49,like
3,175,like
93,52,like
64,102,like
44,216,like
53,438,save
24,188,like
60,57,share
3,47,like
20,159,like
46,489,like
15,174,like
25,242,like
94,282,like
78,241,like
71,370,share
17,5,save
84,84,like
100,308,like
9,361,like
38,459,like
48,248,like
60,54,like
63,161,like
86,434,like
2,422,share
88,411,like
72,226,share
11,15,like
64,224,like
77,61,like
81,122,like
72,277,like
21,46,like
18,453,like
94,390,like
64,294,like
82,62,like
95,86,like
38,446,like
32,210,like
11,78,like
45,202,share
89,302,like
33,397,save
41,223,like
8,222,like
11,3,like
86,478,like
51,6,like
88,93,save
41,8,like
17,428,like
76,493,like
46,235,share
32,108,like
79,161,like
80,209,like
54,240,save
86,331,share
92,333,like
20,50,save
33,11,save
74,351,like
40,156,like
32,492,like
97,70,share
2,169,like
97,272,save
33,68,like
77,355,save
30,252,like
33,48,like
77,184,save
26,320,save
22,187,save
66,90,like
38,446,like
90,332,like
46,139,like
15,357,like
98,89,like
44,274,like
49,19,share
75,471,like
61,311,like
67,358,like
6,374,like
9,466,like
6,154,share
73,390,save
95,260,share
32,108,share
41,371,like
76,285,like
8,59,like
72,125,like
50,354,like
92,273,like
62,107,like
84,299,like
62,245,like
7,336,like
75,450,like
84,418,like
80,247,like
4,8,save
6,141,like
58,362,like
22,8,save
26,478,like
3,352,like
41,484,like
60,495,like
14,94,save
75,321,save
82,427,like
12,39,like
87,81,like
12,187,like
13,84,like
25,88,like
45,242,like
19,342,like
55,93,like
100,86,like
45,44,like
8,137,save
93,421,like
53,74,like
55,36,share
32,101,like
51,476,like
44,156,like
82,426,like
70,255,like
18,171,like
83,469,like
22,216,save
37,170,like
96,252,like
56,360,save
59,322,like
3,55,save
28,456,like
74,432,save
35,91,like
61,278,save
93,101,share
54,155,like
63,377,like
79,349,like
97,451,like
7,364,like
76,141,like
49,173,like
94,10,like
85,228,like
31,265,like
58,438,like
61,248,like
24,247,like
20,155,like
37,34,like
4,499,like
92,129,like
20,160,save
60,89,like
24,93,like
50,327,like
49,241,save
51,323,share
96,468,like
36,404,like
98,117,save
100,94,like
66,163,like
79,99,like
34,113,like
36,359,share
6,91,share
39,346,save
42,206,like
58,17,save
12,274,like
3,173,like
18,116,save
40,349,like
21,468,like
15,181,like
97,91,save
99,82,like
26,324,like
8,449,like
100,114,save
94,257,save
87,58,like
42,154,like
44,365,like
14,404,share
78,116,like
2,343,share
37,266,like
69,315,save
38,203,save
41,41,like
62,105,share
60,389,like
14,378,like
89,193,like
84,401,save
2,278,like
70,354,like
17,237,like
89,425,like
28,221,like
66,68,like
35,197,save
5,256,like
65,139,like
40,312,like
76,435,like
56,149,save
36,99,share
45,76,like
23,282,save
47,371,save
31,403,save
11,109,like
10,188,share
67,199,like
14,303,like
80,327,like
74,154,like
93,40,like
10,133,like
76,405,like
94,462,save
1,132,save
5,279,like
20,362,save
8,84,save
43,399,save
76,242,like
1,116,like
57,109,share
64,221,like
84,392,like
28,41,like
37,368,like
47,147,like
76,112,like
37,103,like
49,46,save
44,412,save
56,494,like
28,475,share
79,324,like
6,378,like
61,271,save
20,483,save
78,421,share
2,385,like
73,195,save
37,367,like
20,280,save
26,283,save
29,40,like
1,447,like
35,189,save
70,164,like
59,482,like
69,477,save
33,24,like
51,24,save
78,490,like
12,4,like
20,323,save
53,290,like
88,441,like
43,433,save
98,471,like
89,181,like
50,248,like
29,116,save
57,279,save
39,365,save
95,69,like
56,351,save
43,254,like
50,181,like
23,318,like
44,169,save
38,313,save
84,249,like
23,188,like
45,54,save
52,326,like
80,357,share
50,313,like
8,138,like
85,168,like
1,391,like
8,103,share
29,422,like
96,85,save
5,317,like
86,212,like
47,3,like
34,384,like
65,179,share
55,342,like
90,303,like
43,452,like
74,476,like
30,332,like
82,38,save
17,499,like
26,420,like
8,239,like
47,169,share
76,453,like
91,397,like
72,343,like
89,314,like
46,306,like
68,30,like
33,190,save
1,357,like
19,25,save
31,112,like
80,411,like
14,435,like
53,206,like
48,185,save
69,382,like
90,496,like
62,379,like
92,47,share
66,374,like
64,228,share
70,39,like
63,16,like
73,22,like
33,213,like
41,310,like
89,149,like
48,456,share
13,241,save
73,272,save
77,59,like
31,287,like
75,426,like
68,202,save
98,32,share
4,443,like
19,162,like
70,255,like
98,254,like
82,9,like
13,465,like
23,139,save
83,480,like
75,10,like
1,214,share
88,273,like
54,324,like
71,48,like
89,436,like
85,111,like
15,153,save
65,123,like
76,405,like
71,357,like
15,102,like
21,241,save
19,321,save
60,191,like
93,217,save
89,51,like
33,292,share
49,81,like
96,489,share
35,383,save
44,88,like
90,194,like
11,104,share
99,271,save
72,96,like
78,423,save
74,379,like
66,198,like
46,1,like
9,495,like
3,407,save
85,378,like
26,167,save
72,126,like
48,313,like
66,81,like
70,418,like
28,251,like
93,169,like
26,477,like
25,73,like
12,141,like
5,70,like
98,262,save
48,340,share
37,308,like
79,245,like
44,3,like
100,337,share
15,63,like
43,49,like
48,76,like
87,368,like
70,175,like
46,109,save
43,183,like
21,192,like
23,65,like
80,337,like
47,451,share
15,474,like
25,271,save
36,100,like
75,32,like
51,352,share
15,128,like
68,452,save
21,402,like
13,369,save
86,339,like
19,43,like
34,372,save
78,419,share
68,488,share
52,78,save
27,314,save
29,289,like
28,270,like
35,162,like
8,189,like
16,247,like
36,388,like
30,216,like
18,315,like
2,413,like
49,339,like
77,390,like
4,377,save
90,481,save
89,433,like
94,168,like
75,339,like
7,193,like
95,453,like
74,283,like
39,336,like
13,390,like
31,488,share
71,13,share
63,240,like
56,320,like
42,446,like
61,483,like
42,147,share
56,204,like
36,80,save
84,379,like
68,43,share
7,458,like
54,89,save
1,148,like
44,95,like
45,452,like
47,428,like
13,151,share
22,2,share
21,376,save
86,22,like
92,371,save
9,313,like
26,485,like
9,328,like
15,7,like
10,206,like
88,440,like
42,375,like
72,451,save
24,114,like
80,272,like
49,83,like
26,179,like
91,210,like
37,500,like
68,464,like
50,328,like
24,124,like
19,481,save
100,113,like
60,12,like
39,126,save
74,53,like
89,331,like
18,389,save
19,283,like
36,140,like
74,401,like
97,390,like
55,97,like
69,5,like
47,57,like
49,412,like
99,334,like
98,69,like
33,118,like
21,376,like
81,59,like
22,33,share
48,318,like
37,50,like
15,368,like
35,489,like
92,19,share
71,214,like
32,197,share
11,379,like
10,450,save
73,478,like
78,47,save
77,167,like
57,452,like
25,289,like
2,141,like
64,84,share
35,182,like
7,391,like
85,79,save
18,215,like
67,14,share
42,215,save
39,403,like
41,128,save
75,310,like
24,477,like
60,248,like
46,404,like
19,29,save
68,280,share
90,338,like
42,319,like
32,202,share
39,361,like
36,57,like
97,392,like
36,218,share
3,62,like
73,157,save
8,202,save
97,17,like
70,322,like
41,6,save
68,58,like
13,325,save
49,412,share
60,318,like
2,169,save
60,453,save
5,82,save
44,474,like
27,468,like
32,425,like
21,433,like
8,219,like
72,177,save
50,204,like
67,71,like
44,387,like
58,266,save
3,98,like
86,345,like
70,291,like
2,208,save
87,2,like
44,124,like
2,280,share
81,74,save
35,166,share
98,22,like
87,154,like
30,427,save
8,439,like
22,295,save
44,219,like
58,157,like
36,495,like
69,230,like
77,20,like
93,475,like
31,41,share
47,438,like
55,148,like
80,108,save
62,403,like
30,84,like
55,483,save
16,367,like
12,322,save
17,414,save
16,309,share
12,290,like
8,406,like
84,323,like
3,134,like
16,207,save
30,283,like
23,266,like
92,73,save
5,481,like
84,352,like
65,48,like
30,326,save
21,233,like
84,443,save
70,100,like
22,59,save
82,258,save
72,413,like
32,452,like
33,65,like
16,83,save
76,154,like
38,473,like
98,266,like
14,309,like
36,79,like
97,315,like
23,150,like
66,435,save
85,48,like
2,405,like
91,379,share
73,248,save
65,278,share
75,356,like
67,98,like
52,414,like
62,25,save
23,493,like
26,284,like
68,449,like
82,369,like
55,301,like
6,68,like
35,7,like
22,305,like
43,137,share
15,164,save
86,83,share
60,385,save
12,138,like
49,420,like
42,73,like
38,237,like
82,46,like
45,106,like
35,416,like
30,288,like
88,262,like
30,176,like
78,166,save
6,145,like
67,330,like
80,370,like
7,283,like
52,54,like
14,178,like
73,419,like
15,244,like
21,341,share
35,127,share
66,409,like
91,412,like
2,367,save
35,271,like
82,132,like
78,93,like
20,379,share
82,73,like
10,411,like
25,410,save
66,403,like
25,248,like
54,348,share
33,273,like
36,43,like
95,377,like
14,41,like
65,170,like
80,434,like
54,212,like
52,493,save
3,168,like
99,39,like
41,369,like
6,245,save
25,151,like
13,111,like
98,480,like
8,436,like
21,47,like
98,63,save
68,225,like
25,366,like
79,69,like
68,299,save
45,432,like
60,290,like
12,296,like
32,203,like
96,61,like
92,434,like
13,451,like
31,318,like
78,314,like
20,161,like
18,331,like
93,16,save
60,338,share
63,94,share
6,304,save
32,138,like
93,338,save
43,38,like
2,127,like
60,275,like
23,164,like
83,443,save
31,319,like
5,77,like
83,174,share
34,387,like
10,458,like
89,358,share
2,321,like
11,376,like
50,91,like
31,238,like
56,264,save
79,179,like
73,494,like
87,490,like
83,209,like
9,73,share
99,390,like
21,107,like
73,345,like
28,295,like
62,369,share
7,444,like
80,284,like
16,353,like
97,182,save
4,37,like
4,137,save
40,338,like
17,56,save
52,187,like
93,341,like
52,258,like
36,445,like
38,58,share
50,363,save
63,123,like
63,188,like
62,230,like
99,168,save
7,420,like
27,114,like
92,252,like
86,107,like
14,37,like
71,335,like
86,92,like
5,18,share
55,354,like
2,63,like
62,150,like
91,139,save
21,186,like
79,185,like
21,205,like
10,260,like
87,214,like
58,256,save
39,135,save
5,61,like
65,363,like
13,310,share
85,88,like
90,324,save
85,476,like
53,207,share
82,129,save
45,311,share
32,3,like
36,462,like
81,422,share
99,242,like
60,121,like
11,385,save
63,102,save
21,38,share
52,341,like
55,496,save
26,413,save
68,133,like
34,497,like
52,202,like
82,348,like
99,21,share
93,242,like
52,455,save
29,451,share
38,109,like
42,303,save
21,84,like
42,83,save
13,291,like
64,452,share
17,69,like
9,129,like
41,196,save
1,140,like
2,444,like
60,283,like
48,312,save
29,234,like
97,23,like
10,153,like
58,277,like
60,61,like
21,319,like
28,378,like
75,52,like
34,344,like
8,153,save
59,237,like
86,311,like
72,302,like
49,32,like
79,55,save
17,352,like
60,389,like
87,36,like
88,110,like
45,490,like
83,177,like
69,362,like
32,314,share
44,295,like
65,336,like
87,97,share
8,369,save
77,213,like
72,317,save
87,137,save
43,6,like
1,499,like
51,109,like
24,35,share
99,39,like
24,150,like
17,425,save
5,118,like
20,261,like
21,426,like
58,87,like
31,465,save
100,76,like
11,471,save
52,464,like
15,451,like
83,414,share
7,313,like
28,383,like
51,214,like
58,457,save
5,285,like
5,239,like
94,165,like
96,87,like
8,141,save
64,160,like
10,46,like
38,372,like
96,495,like
92,112,share
81,407,like
95,45,share
8,401,like
25,247,like
73,104,save
66,85,like
79,450,save
50,485,share
67,134,like
49,108,like
36,18,save
68,94,like
78,150,like
41,246,like
89,289,like
62,414,save
10,209,like
21,126,like
36,235,like
12,416,like
91,426,like
2,499,save
13,462,like
53,122,save
32,138,save
95,495,like
16,115,like
32,420,like
32,162,like
98,201,save
11,234,save
10,28,like
15,11,like
17,206,share
40,167,share
18,247,like
55,47,like
73,246,like
25,127,share
59,147,like
78,118,like
89,399,like
22,382,like
30,412,like
84,152,share
85,72,like
44,363,like
32,137,like
51,175,like
46,289,like
21,446,like
99,481,like
32,19,like
94,195,like
39,330,like
12,424,share
47,175,share
18,490,like
21,449,like
13,413,share
21,434,like
8,354,save
46,499,share
7,141,like
23,246,like
96,385,share
75,418,like
86,93,like
22,432,like
89,239,like
22,205,like
92,48,save
29,433,share
13,245,like
82,320,like
2,317,like
29,413,like
85,295,like
79,128,share
52,344,save
27,282,like
50,17,like
95,71,like
79,269,like
23,325,like
88,282,like
44,305,share
77,451,like
22,7,like
43,314,save
37,305,like
61,103,like
97,309,like
56,193,like
3,241,save
63,62,like
19,17,save
23,171,like
29,25,like
30,251,save
39,253,like
25,387,like
8,207,like
58,29,like
16,117,like
72,491,like
1,416,like
5,282,like
3,380,share
65,144,like
4,25,save
99,310,like
96,156,like
64,73,save
98,120,like
89,312,save
10,321,like
21,93,like
46,86,like
91,336,like
27,425,save
66,499,like
41,364,share
13,435,share
9,118,like
36,233,like
86,199,save
90,206,share
58,413,like
54,339,like
12,147,like
81,450,like
78,425,like
14,429,save
34,271,like
53,387,like
20,139,like
75,181,like
16,430,like
95,30,like
70,57,like
56,232,like
83,146,like
58,435,share
4,384,like
4,48,like
20,194,like
10,224,share
24,136,like
99,22,like
26,6,save
37,204,like
85,239,like
54,185,like
21,360,like
74,292,like
38,335,save
46,220,like
4,116,save
60,313,like
57,49,save
45,173,like
20,82,like
17,322,like
71,333,share
4,45,like
93,335,like
14,20,like
3,448,like
88,221,like
80,123,like
58,234,like
55,221,like
4,323,like
24,339,like
34,3,save
30,182,like
82,206,like
19,320,like
31,40,share
60,59,share
60,439,save
19,62,like
49,132,like
63,60,like
83,372,like
22,331,like
24,122,save
76,479,save
30,107,save
58,96,like
31,347,like
100,414,like
64,235,like
19,386,save
48,62,like
45,256,like
100,49,like
94,393,like
55,348,save
55,159,like
97,124,save
18,482,like
63,317,like
92,207,save
47,48,like
75,409,share
57,420,like
45,136,like
33,201,like
17,250,share
70,314,like
4,357,save
20,368,like
47,429,like
91,318,like
15,295,like
70,480,like
47,314,save
78,500,like
75,209,like
9,355,like
90,485,like
16,211,like
69,192,like
61,44,like
10,29,like
50,59,like
3,71,like
77,92,like
94,265,like
70,383,like
81,220,share
51,390,save
19,413,save
42,442,like
35,401,save
46,400,save
26,215,save
69,479,like
93,387,like
64,277,save
37,64,like
84,346,like
49,292,like
21,490,like
74,485,like
64,245,like
5,470,like
100,62,like
70,426,like
90,332,like
4,170,like
39,445,like
35,269,save
1,267,like
24,54,like
57,16,like
100,8,save
70,104,like
41,59,like
54,313,like
46,40,like
60,237,save
60,443,save
57,386,like
31,94,like
84,222,like
24,204,like
89,138,like
36,300,like
85,395,like
30,207,like
24,336,share
30,81,like
86,218,save
92,2,save
7,178,like
35,396,save
55,371,like
92,346,like
14,279,like
10,146,share
80,318,like
16,224,like
54,369,share
95,384,like
89,62,like
77,294,save
70,239,save
44,195,share
73,166,share
45,451,like
100,222,save
56,61,like
84,129,like
82,478,like
57,173,like
21,480,share
68,156,share
50,405,like
33,378,like
91,110,like
7,269,save
70,411,save
15,356,like
82,391,like
32,278,like
75,74,like
20,487,share
88,437,like
15,463,like
48,207,like
71,388,like
21,480,share
42,279,like
26,375,like
14,326,like
57,472,like
37,340,like
58,357,save
21,340,like
82,204,like
69,161,like
3,28,like
87,392,like
90,257,like
37,165,save
88,63,save
49,22,like
19,70,like
89,381,like
85,405,like
12,96,save
61,163,like
41,79,like
33,5,save
50,316,save
68,120,like
71,302,like
86,178,like
33,176,like
81,390,share
24,217,save
61,56,save
61,366,like
98,187,save
28,232,like
58,255,like
43,413,like
41,455,like
39,104,save
86,77,like
49,230,like
17,402,like
98,258,like
70,264,like
70,331,like
98,481,save
65,182,like
74,381,like
85,256,like
5,38,save
2,176,like
22,27,like
57,276,like
66,140,like
74,299,like
98,445,save
16,287,like
51,91,like
39,480,save
86,61,like
76,458,like
88,451,like
40,365,like
38,347,like
60,163,like
59,351,save
10,143,share
99,400,like
64,253,like
63,269,like
49,369,save
64,291,like
32,500,like
7,459,save
21,187,save
20,405,save
26,499,like
68,438,save
86,459,save
15,414,like
85,304,like
79,291,like
86,86,share
92,166,like
14,415,like
27,462,like
40,408,save
58,114,like
28,433,like
26,480,like
63,356,share
66,416,like
25,183,like
3,207,save
72,256,like
44,235,share
97,442,like
42,355,like
99,3,like
6,208,like
39,197,like
52,341,like
23,125,save
89,138,like
50,339,like
43,25,like
19,68,share
69,61,like
51,29,like
11,383,like
12,19,like
74,171,like
8,450,share
24,74,like
92,61,save
41,427,like
36,153,like
85,276,share
72,48,like
55,211,share
9,343,like
47,408,share
15,139,like
48,110,like
82,482,like
42,183,like
60,28,like
84,197,like
70,191,like
12,315,like
2,389,save
7,51,like
80,149,like
3,268,like
3,50,like
27,388,like
40,246,like
33,113,share
92,170,save
1,468,like
8,166,like
32,409,like
48,14,like
4,203,like
94,288,like
70,395,like
19,189,like
32,402,like
9,155,save
12,55,like
11,182,save
46,210,share
16,376,like
1,471,like
63,75,like
21,277,share
30,428,share
13,133,like
34,343,like
4,425,save
28,59,like
95,345,save
59,489,share
27,182,like
69,458,like
25,406,like
3,339,like
97,321,like
68,64,save
25,327,share
20,260,share
34,193,like
26,143,save
5,104,save
99,460,like
61,406,like
92,214,like
93,242,share
9,431,like
50,209,save
6,93,like
83,430,save
60,142,like
44,434,like
11,404,like
66,434,like
47,112,save
73,417,like
85,375,like
88,59,like
98,43,like
86,207,like
3,268,like
76,296,share
92,118,like
30,20,save
90,222,share
21,166,like
28,131,like
90,156,like
62,184,share
33,90,share
85,94,like
35,13,save
52,461,like
34,322,share
41,293,share
51,433,like
47,230,like
82,322,like
58,292,like
75,438,save
57,26,like
23,75,like
48,456,like
22,364,share
17,424,like
69,299,like
11,150,like
94,148,share
15,8,save
91,29,like
35,296,like
33,474,like
84,414,like
16,209,like
34,128,share
66,340,like
99,116,save
40,439,like
28,144,save
47,430,save
39,318,like
70,235,like
73,7,like
20,464,like
1,45,like
72,443,like
87,239,share
63,440,like
67,432,save
4,155,like
58,181,save
25,215,like
47,88,save
38,256,like
15,73,like
63,419,like
21,179,like
99,212,like
57,293,like
53,234,like
46,465,save
14,239,like
100,223,like
76,119,save
17,313,like
39,264,like
9,207,like
99,95,share
77,373,save
79,222,save
82,366,like
97,276,save
6,380,like
91,231,like
23,309,like
59,119,like
91,268,like
98,433,like
46,273,like
38,64,like
14,298,save
100,350,like
72,413,save
62,403,like
35,494,save
19,11,like
30,98,like
78,434,like
84,71,like
25,364,save
40,58,like
88,290,like
14,251,save
26,276,like
87,50,like
22,358,like
48,216,like
83,394,like
51,416,like
3,52,share
42,271,like
19,485,like
73,84,like
28,387,share
84,293,save
45,126,like
71,296,save
78,72,like
63,296,like
73,236,like
19,56,like
47,407,like
14,360,share
38,395,like
53,110,share
61,192,like
36,392,like
40,93,like
81,350,like
30,56,like
9,60,like
64,138,like
33,39,like
52,28,save
89,49,like
14,420,like
75,125,like
53,13,share
99,480,save
59,36,like
78,101,like
94,282,like
41,86,share
68,4,like
68,223,like
92,338,like
8,448,like
2,166,share
86,383,like
41,344,like
55,383,like
16,376,save
93,471,save
62,278,like
48,130,like
30,31,save
12,375,like
35,11,like
11,476,like
64,302,share
50,96,like
85,190,save
21,453,like
69,192,like
48,486,like
20,266,like
67,424,like
44,128,like
33,238,like
73,408,save
61,355,share
9,428,like
68,112,like
35,316,like
81,446,like
98,343,save
88,145,like
96,65,like
65,247,save
8,223,like
45,479,like
87,490,like
47,313,like
40,439,like
76,106,save
54,181,save
76,184,like
46,226,share
47,265,like
15,278,save
19,397,like
26,89,save
52,176,share
93,18,like
22,371,share
21,460,save
51,424,save
38,401,like
20,399,save
29,106,save
51,271,like
4,463,share
55,319,like
71,167,like
92,13,like
28,337,like
4,32,like
22,393,like
76,40,share
45,148,like
67,218,like
86,219,like
66,469,like
88,82,share
34,333,like
91,208,save
55,201,like
1,447,like
72,332,like
87,428,like
38,38,like
6,211,like
86,444,like
25,327,save
82,249,like
17,227,like
61,48,like
12,18,like
6,400,save
90,439,like
27,295,like
8,196,share
83,187,like
65,345,like
57,224,like
93,318,like
99,488,save
40,397,save
14,365,share
35,337,like
48,497,like
84,229,save
56,390,like
49,467,like
13,77,like
61,188,like
49,346,like
46,270,save
62,95,save
8,310,like
43,132,like
20,39,like
97,72,save
90,281,like
39,333,save
85,160,like
49,187,like
64,486,like
62,191,save
54,422,like
9,120,like
88,220,like
37,53,save
49,222,save
41,451,like
17,412,save
88,131,like
21,237,like
51,246,like
59,226,like
39,208,save
55,406,save
41,96,like
39,422,like
13,200,save
64,247,share
11,72,like
19,318,share
11,185,like
77,6,like
46,206,save
45,32,like
1,99,like
40,394,like
19,387,save
76,256,save
72,187,like
72,76,like
61,177,like
12,315,like
61,287,like
33,349,save
45,255,like
90,325,like
92,190,like
69,308,like
8,345,share
25,127,like
91,425,like
46,287,like
87,254,like
30,213,like
47,250,like
87,84,like
49,487,like
47,383,like
84,406,like
82,388,share
18,13,like
66,45,like
68,127,like
94,426,like
33,114,save
36,433,like
82,276,save
19,500,like
28,205,like
40,337,save
84,438,like
97,420,like
76,481,like
15,385,save
41,399,like
39,461,save
2,273,like
63,408,save
29,58,like
74,328,save
66,498,like
51,219,share
75,109,like
77,279,like
10,174,like
14,328,like
82,264,like
51,315,share
73,474,share
39,111,like
28,187,share
3,269,like
84,423,like
70,229,save
27,497,like
2,156,share
93,473,like
38,189,like
3,272,like
16,375,like
94,2,like
40,246,share
2,210,save
81,401,save
41,286,like
12,359,like
35,13,like
65,96,like
55,498,like
45,221,save
79,238,like
90,94,like
85,338,like
62,269,like
49,171,like
95,469,share
25,94,like
23,149,save
24,112,like
38,55,like
28,337,like
21,424,save
54,467,save
18,116,like
36,143,like
99,201,like
45,180,like
73,202,share
53,364,like
30,479,like
60,53,like
98,471,like
32,384,like
67,180,like
67,414,save
28,417,save
44,313,like
79,308,save
41,137,like
63,182,like
23,367,like
75,1,like
48,44,like
32,227,like
57,331,like
100,98,share
33,208,like
24,265,like
39,288,like
